{
  "type": "minecraft:tree",
  "config": {
    "ignore_vines": true,
    "force_dirt": false,
    "minimum_size": {
      "type": "minecraft:two_layers_feature_size",
      "min_clipped_height": 4,
      "limit": 0,
      "lower_size": 0,
      "upper_size": 0
    },
    "dirt_provider": {
      "type": "minecraft:simple_state_provider",
      "state": {
        "Name": "minecraft:dirt"
      }
    },
    "trunk_provider": {
      "type": "minecraft:simple_state_provider",
      "state": {
        "Name": "minecraft:spruce_wood",
        "Properties": {
          "axis": "y"
        }
      }
    },
    "foliage_provider": {
      "type": "minecraft:simple_state_provider",
      "state": {
        "Name": "minecraft:dark_oak_leaves",
        "Properties": {
          "persistent": "false",
          "distance": "7"
        }
      }
    },
    "trunk_placer": {
      "type": "hydrol:straight_branching_trunk_placer",
      "base_height": 11,
      "height_rand_a": 6,
      "height_rand_b": 1,
      "max_branch_height": 5
    },
    "foliage_placer": {
      "type": "minecraft:spruce_foliage_placer",
      "radius": 2,
      "offset": 3,
      "trunk_height": 12
    },
    "decorators": []
  }
}
