{
    "type": "minecraft:waterlogged_vegetation_patch",
    "config": {
      "surface": "floor",
      "depth": 3,
      "vertical_range": 5,
      "extra_bottom_block_chance": 0.8,
      "extra_edge_column_chance": 0.7,
      "vegetation_chance": 0.1,
      "xz_radius": {
        "type": "minecraft:uniform",
        "value": {
          "min_inclusive": 3,
          "max_inclusive": 5
        }
      },
      "replaceable": "#minecraft:moss_replaceable",
      "ground_state": {
        "type": "minecraft:simple_state_provider",
        "state": {
          "Name": "minecraft:calcite"
        }
      },
      "vegetation_feature": {
        "feature": "hydrol:bamboo_amethyst",
        "placement": []
      }
    }
  }
  