{
  "type": "hydrol:flood",
  "config": {
    "material": {
      "type": "minecraft:simple_state_provider",
      "state": {
        "Name": "minecraft:water",
        "Properties": {
          "level": "0"
        }
      }
    },
    "frozenMaterial": {
      "type": "minecraft:simple_state_provider",
      "state": {
        "Name": "minecraft:ice",
        "Properties": {
          "age": "0"
        }
      }
    },
    "elevation": -420,
    "frozen": false
  }
}
