{
  "type": "hydrol:large_dark_prismarine_pillar",
  "config": {
    "floor_to_ceiling_search_range": 30,
    "column_radius": {
      "type": "minecraft:uniform",
      "value": {
        "min_inclusive": 3,
        "max_inclusive": 5
      }
    },
    "height_scale": {
      "type": "minecraft:uniform",
      "value": {
        "min_inclusive": 0.4,
        "max_exclusive": 2
      }
    },
    "max_column_radius_to_cave_height_ratio": 0.78,
    "stalactite_bluntness": {
      "type": "minecraft:uniform",
      "value": {
        "min_inclusive": 0.1,
        "max_exclusive": 0.2
      }
    },
    "stalagmite_bluntness": {
      "type": "minecraft:uniform",
      "value": {
        "min_inclusive": 0.1,
        "max_exclusive": 0.2
      }
    },
    "wind_speed": {
      "type": "minecraft:uniform",
      "value": {
        "min_inclusive": 0.1,
        "max_exclusive": 0.3
      }
    },
    "min_radius_for_wind": 5,
    "min_bluntness_for_wind": 0.6
  }
}
