{
  "type": "minecraft:tree",
  "config": {
    "ignore_vines": true,
    "force_dirt": false,
    "minimum_size": {
      "type": "minecraft:two_layers_feature_size",
      "limit": 1,
      "lower_size": 0,
      "upper_size": 2
    },
    "dirt_provider": {
      "type": "minecraft:simple_state_provider",
      "state": {
        "Name": "minecraft:muddy_mangrove_roots"
      }
    },
    "trunk_provider": {
      "type": "minecraft:simple_state_provider",
      "state": {
        "Name": "minecraft:mangrove_wood",
        "Properties": {
          "axis": "y"
        }
      }
    },
    "foliage_provider": {
      "type": "minecraft:simple_state_provider",
      "state": {
        "Name": "minecraft:mangrove_leaves",
        "Properties": {
          "distance": "7",
          "persistent": "false"
        }
      }
    },
    "root_placer": {
      "type": "minecraft:mangrove_root_placer",
      "root_provider": {
        "type": "minecraft:simple_state_provider",
        "state": {
          "Name": "minecraft:mangrove_wood"
        }
      },
      "trunk_offset_y": 2,
      "mangrove_root_placement": {
        "max_root_width": 3,
        "max_root_length": 6,
        "random_skew_chance": 0.3,
        "can_grow_through": "#minecraft:leaves",
        "muddy_roots_in": "#minecraft:dirt",
        "muddy_roots_provider": {
          "type": "minecraft:simple_state_provider",
          "state": {
            "Name": "minecraft:mangrove_wood"
          }
        }
      }
    },
    "trunk_placer": {
      "type": "hydrol:branching_trunk_placer",
      "base_height": 16,
      "height_rand_a": 5,
      "height_rand_b": 0,
      "branch_count": 2,
      "amount_of_branches": 8,
      "branch_horizontal_length": {
        "type": "minecraft:uniform",
        "value": {
          "min_inclusive": 6,
          "max_inclusive": 12
        }
      },
      "branch_start_offset_from_top": {
        "min_inclusive": -13,
        "max_inclusive": -7
      },
      "branch_end_height": {
        "type": "minecraft:uniform",
        "value": {
          "min_inclusive": 21,
          "max_inclusive": 24
        }
      }
    },
    "foliage_placer": {
      "type": "minecraft:cherry_foliage_placer",
      "radius": 6,
      "offset": 0,
      "height": 4,
      "wide_bottom_layer_hole_chance": 1,
      "corner_hole_chance": 1,
      "hanging_leaves_chance": 1,
      "hanging_leaves_extension_chance": 1
    },
    "decorators": [
      {
        "type": "hydrol:trunk_wooden_roots",
        "probability": 0.5,
        "wall_state": {
          "type": "minecraft:simple_state_provider",
          "state": {
            "Name": "hydrol:mangrove_wood_wall",
            "Properties": {
              "east": "tall",
              "north": "tall",
              "south": "tall",
              "up": "true",
              "waterlogged": "false",
              "west": "tall"
            }
          }
        }
      },
      {
        "type": "hydrol:trunk_mushrooms",
        "probability": 0.66
      },
      {
        "type": "hydrol:mushrooms",
        "probability": 0.9
      },
      {
        "type": "minecraft:leave_vine",
        "probability": 0.64
      },
      {
        "type": "minecraft:attached_to_leaves",
        "probability": 0.14,
        "exclusion_radius_xz": 1,
        "exclusion_radius_y": 0,
        "required_empty_blocks": 2,
        "block_provider": {
          "type": "minecraft:randomized_int_state_provider",
          "property": "age",
          "values": {
            "type": "minecraft:uniform",
            "value": {
              "min_inclusive": 0,
              "max_inclusive": 4
            }
          },
          "source": {
            "type": "minecraft:simple_state_provider",
            "state": {
              "Name": "minecraft:mangrove_propagule",
              "Properties": {
                "age": "0",
                "hanging": "true",
                "stage": "0",
                "waterlogged": "false"
              }
            }
          }
        },
        "directions": [
          "down"
        ]
      },
      {
        "type": "hydrol:hanging_leaves",
        "probability": 0.8
      },
      {
        "type": "minecraft:cocoa",
        "probability": 0.25
      }
    ]
  }
}
