{
    "type": "minecraft:tree",
    "config": {
      "ignore_vines": true,
      "force_dirt": false,
      "minimum_size": {
        "type": "minecraft:two_layers_feature_size",
        "min_clipped_height": 4,
        "limit": 0,
        "lower_size": 0,
        "upper_size": 0
      },
      "dirt_provider": {
        "type": "minecraft:simple_state_provider",
        "state": {
          "Name": "minecraft:dirt"
        }
      },
      "trunk_provider": {
        "type": "minecraft:simple_state_provider",
        "state": {
          "Name": "minecraft:cherry_log",
          "Properties": {
            "axis": "y"
          }
        }
      },
      "foliage_provider": {
        "type": "minecraft:weighted_state_provider",
        "entries": [
          {
            "weight": 7,
            "data": {
              "Name": "minecraft:azalea_leaves",
              "Properties": {
                "persistent": "false",
                "distance": "3"
              }
            }
          },
          {
            "weight": 2,
            "data": {
              "Name": "minecraft:flowering_azalea_leaves",
              "Properties": {
                "persistent": "false",
                "distance": "1"
              }
            }
          }
        ]
      },
      "trunk_placer": {
        "type": "minecraft:bending_trunk_placer",
        "base_height": 12,
        "height_rand_a": 5,
        "height_rand_b": 4,
        "bend_length": {
          "type": "minecraft:uniform",
          "value": {
            "min_inclusive": 1,
            "max_inclusive": 2
          }
        },
        "min_height_for_leaves": 7
      },
      "foliage_placer": {
        "type": "minecraft:random_spread_foliage_placer",
        "radius": 3,
        "offset": 0,
        "foliage_height": 2,
        "leaf_placement_attempts": 50
      },
      "decorators": [
        {
          "type": "minecraft:alter_ground",
          "provider": {
            "type": "minecraft:simple_state_provider",
            "state": {
              "Name": "minecraft:rooted_dirt"
            }
          }
        }
      ]
    }
  }
  