{
  "type": "minecraft:waterlogged_vegetation_patch",
  "config": {
    "surface": "floor",
    "depth": 3,
    "vertical_range": 2,
    "extra_bottom_block_chance": 0.8,
    "extra_edge_column_chance": 0.7,
    "vegetation_chance": 0.05,
    "xz_radius": {
      "type": "minecraft:uniform",
      "value": {
        "min_inclusive": 4,
        "max_inclusive": 7
      }
    },
    "replaceable": "#minecraft:moss_replaceable",
    "ground_state": {
      "type": "minecraft:weighted_state_provider",
      "entries": [
        {
          "weight": 26,
          "data": {
            "Name": "minecraft:mud"
          }
        },
        {
          "weight": 4,
          "data": {
            "Name": "minecraft:muddy_mangrove_roots"
          }
        }
      ]
    },
    "vegetation_feature": {
      "feature": {
        "type": "minecraft:no_op",
        "config": {}
      },
      "placement": []
    }
  }
}
