{
  "temperature": -0.187,
  "downfall": 0.8,
  "has_precipitation": true,
  "category": "forest",
  "effects": {
    "sky_color": 9806079,
    "fog_color": 12638463,
    "water_color": 7318712,
    "water_fog_color": 272948,
"mood_sound": {
      "max_delay": 24000,
      "min_delay": 12000,
      "replace_current_music": false,
      "sound": "minecraft:music.overworld.flower_forest"
    }
  },
  "spawners": {
    "ambient": [
      {
        "type": "minecraft:bat",
        "weight": 10,
        "minCount": 8,
        "maxCount": 8
      }
    ],
    "axolotls": [],
    "creature": [
      {
        "type": "minecraft:sheep",
        "weight": 12,
        "minCount": 4,
        "maxCount": 4
      },
      {
        "type": "minecraft:pig",
        "weight": 10,
        "minCount": 4,
        "maxCount": 4
      },
      {
        "type": "minecraft:chicken",
        "weight": 10,
        "minCount": 4,
        "maxCount": 4
      },
      {
        "type": "minecraft:cow",
        "weight": 8,
        "minCount": 4,
        "maxCount": 4
      }
    ],
    "misc": [],
    "monster": [
      {
        "type": "minecraft:spider",
        "weight": 100,
        "minCount": 4,
        "maxCount": 4
      },
      {
        "type": "minecraft:zombie",
        "weight": 95,
        "minCount": 4,
        "maxCount": 4
      },
      {
        "type": "minecraft:zombie_villager",
        "weight": 5,
        "minCount": 1,
        "maxCount": 1
      },
      {
        "type": "minecraft:skeleton",
        "weight": 100,
        "minCount": 4,
        "maxCount": 4
      },
      {
        "type": "minecraft:creeper",
        "weight": 100,
        "minCount": 4,
        "maxCount": 4
      },
      {
        "type": "minecraft:slime",
        "weight": 100,
        "minCount": 4,
        "maxCount": 4
      },
      {
        "type": "minecraft:enderman",
        "weight": 10,
        "minCount": 1,
        "maxCount": 4
      },
      {
        "type": "minecraft:witch",
        "weight": 5,
        "minCount": 1,
        "maxCount": 1
      }
    ],
    "underground_water_creature": [
      {
        "type": "minecraft:glow_squid",
        "weight": 10,
        "minCount": 4,
        "maxCount": 6
      }
    ],
    "water_ambient": [],
    "water_creature": []
  },
  "spawn_costs": {},
  "carvers": {
    "air": [
      "minecraft:cave",
      "minecraft:cave_extra_underground",
      "minecraft:canyon"
    ]
  },
  "features": [
    [],
    [
      "minecraft:lake_lava_surface"
    ],
    [
    ],
    [
    ],
    [
    ],
    [],
    [
      "minecraft:ore_coal_upper",
      "minecraft:ore_coal_lower",
      "minecraft:ore_iron_upper",
      "minecraft:ore_iron_middle",
      "minecraft:ore_iron_small",
      "minecraft:ore_gold",
      "minecraft:ore_gold_lower",
      "minecraft:ore_redstone",
      "minecraft:ore_redstone_lower",
      "minecraft:ore_diamond",
      "minecraft:ore_diamond_large",
      "minecraft:ore_diamond_buried",
      "minecraft:ore_lapis",
      "minecraft:ore_lapis_buried",
      "minecraft:ore_copper"
    ],
    [],
    [
      "minecraft:spring_water",
      "minecraft:spring_lava"
    ],
    [
      "minecraft:glow_lichen",
      "hydrol:gravelly_azalea_shrubbery",
      "hydrol:moss_stones",
      "biox:rooted_dirt_dead_rooted_bushes",
      "hydrol:wild_flower_patch",
      "biox:trees_rare_secondary_giant_dark_oak",
      "biox:trees_rare_giant_dark_oak",
      "biox:trees_rare_big_dark_oak",
      "hydrol:sparse_tall_brown_mushrooms",
      "biox:rare_dark_oak_bushes",
      "hydrol:basic_flowers",
      "hydrol:overworld_mushrooms",
      "biox:dense_tall_grass",
      "hydrol:fern_grass",
      "minecraft:patch_sugar_cane",
      "minecraft:patch_pumpkin",
      "biox:mossy_patch_pumpkin",
      "hydrol:large_pumpkin",
      "biox:mossy_large_pumpkin",
      "minecraft:patch_berry_rare"
    ],
    [
      "minecraft:freeze_top_layer"
    ]
  ]
}
