{
  "temperature": 0.9,
  "downfall": -0.5,
  "has_precipitation": false,
  "effects": {
    "sky_color": 7254527,
    "fog_color": 6840176,
    "water_color": 7318712,
    "water_fog_color": 272948,
    "ambient_sound": "minecraft:ambient.basalt_deltas.loop",
    "mood_sound": {
      "sound": "minecraft:ambient.basalt_deltas.mood",
      "tick_delay": 6000,
      "block_search_extent": 8,
      "offset": 2
    },
    "additions_sound": {
      "sound": "minecraft:ambient.basalt_deltas.additions",
      "tick_chance": 0.0111
    },
    "particle": {
      "options": {
        "type": "minecraft:white_ash"
      },
      "probability": 0.118093334
    }
  },
  "spawners": {
    "ambient": [
      {
        "type": "minecraft:bat",
        "weight": 10,
        "minCount": 8,
        "maxCount": 8
      }
    ],
    "axolotls": [],
    "creature": [],
    "misc": [],
    "monster": [
      {
        "type": "minecraft:spider",
        "weight": 100,
        "minCount": 4,
        "maxCount": 4
      },
      {
        "type": "minecraft:zombie",
        "weight": 95,
        "minCount": 4,
        "maxCount": 4
      },
      {
        "type": "minecraft:zombie_villager",
        "weight": 5,
        "minCount": 1,
        "maxCount": 1
      },
      {
        "type": "minecraft:skeleton",
        "weight": 100,
        "minCount": 4,
        "maxCount": 4
      },
      {
        "type": "minecraft:creeper",
        "weight": 100,
        "minCount": 4,
        "maxCount": 4
      },
      {
        "type": "minecraft:slime",
        "weight": 100,
        "minCount": 4,
        "maxCount": 4
      },
      {
        "type": "minecraft:enderman",
        "weight": 10,
        "minCount": 1,
        "maxCount": 4
      },
      {
        "type": "minecraft:witch",
        "weight": 5,
        "minCount": 1,
        "maxCount": 1
      }
    ],
    "underground_water_creature": [
      {
        "type": "minecraft:glow_squid",
        "weight": 10,
        "minCount": 4,
        "maxCount": 6
      }
    ],
    "water_ambient": [],
    "water_creature": []
  },
  "spawn_costs": {},
  "carvers": {
    "air": [
      "minecraft:cave",
      "minecraft:cave_extra_underground",
      "minecraft:canyon"
    ]
  },
  "features": [
    [],
    [
      "minecraft:lake_lava_underground",
      "hydrol:delta"
    ],
    [
      "minecraft:amethyst_geode",
      "minecraft:large_dripstone",
      "hydrol:small_basalt_columns",
      "hydrol:large_basalt_columns",
      "hydrol:sparse_smooth_basalt_pillar"
    ],
    [
      "minecraft:monster_room",
      "minecraft:monster_room_deep"
    ],
    [
      "hydrol:lava_fall"
    ],
    [],
    [
      "minecraft:ore_coal_upper",
      "minecraft:ore_coal_lower",
      "minecraft:ore_iron_upper",
      "minecraft:ore_iron_middle",
      "minecraft:ore_iron_small",
      "minecraft:ore_gold",
      "minecraft:ore_gold_lower",
      "minecraft:ore_redstone",
      "minecraft:ore_redstone_lower",
      "minecraft:ore_diamond",
      "minecraft:ore_diamond_large",
      "minecraft:ore_diamond_buried",
      "minecraft:ore_lapis",
      "minecraft:ore_lapis_buried",
      "minecraft:ore_copper_large",
      "minecraft:underwater_magma"
    ],
    [
      "minecraft:dripstone_cluster",
      "minecraft:pointed_dripstone"
    ],
    [
      "minecraft:spring_lava"
    ],
    [
      "minecraft:glow_lichen"
    ],
    [
      "minecraft:freeze_top_layer"
    ]
  ]
}
