{
  "type": "minecraft:block_column",
  "config": {
    "direction": "down",
    "allowed_placement": {
      "type": "minecraft:matching_blocks",
      "blocks": [
        "minecraft:air"
      ]
    },
    "prioritize_tip": true,
    "layers": [
      {
        "height": {
          "type": "minecraft:weighted_list",
          "distribution": [
            {
              "weight": 2,
              "data": {
                "type": "minecraft:uniform",
                "value": {
                  "min_inclusive": 0,
                  "max_inclusive": 19
                }
              }
            },
            {
              "weight": 3,
              "data": {
                "type": "minecraft:uniform",
                "value": {
                  "min_inclusive": 0,
                  "max_inclusive": 2
                }
              }
            },
            {
              "weight": 10,
              "data": {
                "type": "minecraft:uniform",
                "value": {
                  "min_inclusive": 0,
                  "max_inclusive": 6
                }
              }
            }
          ]
        },
        "provider": {
          "type": "minecraft:weighted_state_provider",
          "entries": [
            {
              "weight": 6,
              "data": {
                "Name": "biox:amethyst_vines_plant",
                "Properties": {
                  "berries": "false"
                }
              }
            },
            {
              "weight": 2,
              "data": {
                "Name": "biox:amethyst_vines_plant",
                "Properties": {
                  "berries": "true"
                }
              }
            }
          ]
        }
      },
      {
        "height": 1,
        "provider": {
          "type": "minecraft:weighted_state_provider",
          "entries": [
            {
              "weight": 6,
              "data": {
                "Name": "biox:amethyst_vines",
                "Properties": {
                  "berries": "false",
                  "age": "0"
                }
              }
            },
            {
              "weight": 2,
              "data": {
                "Name": "biox:amethyst_vines",
                "Properties": {
                  "berries": "true",
                  "age": "0"
                }
              }
            }
          ]
        }
      }
    ]
  }
}
