{
  "type": "minecraft:random_patch",
  "config": {
    "tries": 100,
    "xz_spread": 5,
    "y_spread": 2,
    "feature": {
      "feature": {
        "type": "minecraft:simple_block",
        "config": {
          "to_place": {
            "type": "minecraft:simple_state_provider",
            "state": {
              "Name": "biox:aquatic_lichen"
            }
          }
        }
      },
      "placement": [
        {
          "type": "minecraft:block_predicate_filter",
          "predicate": {
            "type": "minecraft:all_of",
            "predicates": [
              {
                "type": "minecraft:matching_blocks",
                "blocks": "minecraft:air"
              },
              {
                "type": "minecraft:matching_fluids",
                "offset": [
                  0,
                  -1,
                  0
                ],
                "fluids": "#minecraft:water"
              }
            ]
          }
        }
      ]
    }
  }
}
