{
  "type": "hydrol:arch",
  "config": {
    "to_place": {
      "type": "minecraft:weighted_state_provider",
      "entries": [
        {
          "weight": 2,
          "data": {
            "Name": "minecraft:brain_coral_block"
          }
        },
        {
          "weight": 2,
          "data": {
            "Name": "minecraft:bubble_coral_block"
          }
        },
        {
          "weight": 2,
          "data": {
            "Name": "minecraft:fire_coral_block"
          }
        },
        {
          "weight": 2,
          "data": {
            "Name": "minecraft:horn_coral_block"
          }
        },
        {
          "weight": 2,
          "data": {
            "Name": "minecraft:tube_coral_block"
          }
        }
      ]
    }
  }
}
