{
  "type": "hydrol:crystal_spike",
  "config": {
    "blockOn": {
      "Name": "minecraft:packed_ice"
    },
    "blockOn2": {
      "Name": "minecraft:deepslate"
    },
    "blobMaterial": {
      "Name": "minecraft:blue_ice"
    },
    "blobMass": {
      "type": "minecraft:uniform",
      "value": {
        "min_inclusive": 12,
        "max_inclusive": 48
      }
    },
    "blobWidth": {
      "type": "minecraft:uniform",
      "value": {
        "min_inclusive": 3,
        "max_inclusive": 6
      }
    },
    "blobHeight": {
      "type": "minecraft:uniform",
      "value": {
        "min_inclusive": 16,
        "max_inclusive": 32
      }
    }
  }
}
