{
  "type": "hydrol:ore_spike",
  "config": {
    "upperState": {
      "type": "minecraft:weighted_state_provider",
      "entries": [
        {
          "weight": 29,
          "data": {
            "Name": "minecraft:honeycomb_block"
          }
        },
        {
          "weight": 1,
          "data": {
            "Name": "minecraft:honey_block"
          }
        }
      ]
    },
    "lowerState": {
      "type": "minecraft:weighted_state_provider",
      "entries": [
        {
          "weight": 29,
          "data": {
            "Name": "minecraft:honeycomb_block"
          }
        },
        {
          "weight": 1,
          "data": {
            "Name": "minecraft:honey_block"
          }
        }
      ]
    },
    "blobMass": {
      "type": "minecraft:uniform",
      "value": {
        "min_inclusive": 7,
        "max_inclusive": 13
      }
    },
    "blobWidth": {
      "type": "minecraft:uniform",
      "value": {
        "min_inclusive": 3,
        "max_inclusive": 4
      }
    },
    "blobHeight": {
      "type": "minecraft:uniform",
      "value": {
        "min_inclusive": 12,
        "max_inclusive": 24
      }
    }
  }
}