{
  "type": "minecraft:tree",
  "config": {
    "ignore_vines": true,
    "force_dirt": false,
    "minimum_size": {
      "type": "minecraft:two_layers_feature_size",
      "min_clipped_height": 0,
      "limit": 0,
      "lower_size": 0,
      "upper_size": 0
    },
    "dirt_provider": {
      "type": "minecraft:simple_state_provider",
      "state": {
        "Name": "minecraft:stripped_jungle_wood",
        "Properties": {
          "axis": "y"
        }
      }
    },
    "trunk_provider": {
      "type": "minecraft:simple_state_provider",
      "state": {
        "Name": "minecraft:stripped_jungle_wood",
        "Properties": {
          "axis": "y"
        }
      }
    },
    "foliage_provider": {
      "type": "minecraft:simple_state_provider",
      "state": {
        "Name": "minecraft:jungle_leaves"
      }
    },
    "trunk_placer": {
      "type": "hydrol:straight_branching_trunk_placer",
      "base_height": 2,
      "height_rand_a": 3,
      "height_rand_b": 3,
      "max_branch_height": 3
    },
    "foliage_placer": {
      "type": "hydrol:tall_foliage_placer",
      "radius": 2,
      "offset": 2,
      "height": 4
    },
    "decorators": [
      {
        "type": "minecraft:cocoa",
        "probability": 0.33
      },
      {
        "type": "hydrol:trunk_mushrooms",
        "probability": 0.6
      },
      {
        "type": "hydrol:hanging_leaves",
        "probability": 0.9
      },
      {
        "type": "minecraft:leave_vine",
        "probability": 0.03
      },
      {
        "type": "minecraft:alter_ground",
        "provider": {
          "type": "minecraft:weighted_state_provider",
          "entries": [
            {
              "weight": 2,
              "data": {
                "Name": "minecraft:coarse_dirt"
              }
            },
            {
              "weight": 1,
              "data": {
                "Name": "minecraft:rooted_dirt"
              }
            }
          ]
        }
      }
    ]
  }
}
