{
  "type": "hydrol:ore_spike",
  "config": {
    "upperState": {
      "type": "minecraft:weighted_state_provider",
      "entries": [
        {
          "weight": 3,
          "data": {
            "Name": "minecraft:lapis_ore"
          }
        },
        {
          "weight": 7,
          "data": {
            "Name": "minecraft:stone"
          }
        }
      ]
    },
    "lowerState": {
      "type": "minecraft:weighted_state_provider",
      "entries": [
        {
          "weight": 4,
          "data": {
            "Name": "minecraft:deepslate_lapis_ore"
          }
        },
        {
          "weight": 6,
          "data": {
            "Name": "minecraft:deepslate"
          }
        }
      ]
    },
    "blobMass": {
      "type": "minecraft:uniform",
      "value": {
        "min_inclusive": 5,
        "max_inclusive": 12
      }
    },
    "blobWidth": {
      "type": "minecraft:uniform",
      "value": {
        "min_inclusive": 6,
        "max_inclusive": 9
      }
    },
    "blobHeight": {
      "type": "minecraft:uniform",
      "value": {
        "min_inclusive": 6,
        "max_inclusive": 9
      }
    }
  }
}