{
  "type": "hydrol:ore_spike",
  "config": {
    "upperState": {
      "type": "minecraft:weighted_state_provider",
      "entries": [
        {
          "weight": 4,
          "data": {
            "Name": "minecraft:redstone_ore"
          }
        },
        {
          "weight": 6,
          "data": {
            "Name": "minecraft:stone"
          }
        }
      ]
    },
    "lowerState": {
      "type": "minecraft:weighted_state_provider",
      "entries": [
        {
          "weight": 5,
          "data": {
            "Name": "minecraft:deepslate_redstone_ore"
          }
        },
        {
          "weight": 5,
          "data": {
            "Name": "minecraft:deepslate"
          }
        }
      ]
    },
    "blobMass": {
      "type": "minecraft:uniform",
      "value": {
        "min_inclusive": 7,
        "max_inclusive": 18
      }
    },
    "blobWidth": {
      "type": "minecraft:uniform",
      "value": {
        "min_inclusive": 4,
        "max_inclusive": 5
      }
    },
    "blobHeight": {
      "type": "minecraft:uniform",
      "value": {
        "min_inclusive": 6,
        "max_inclusive": 32
      }
    }
  }
}