{
  "type": "minecraft:random_patch",
  "config": {
    "tries": 32,
    "xz_spread": 7,
    "y_spread": 3,
    "feature": {
      "feature": {
        "type": "minecraft:simple_block",
        "config": {
          "to_place": {
            "type": "minecraft:weighted_state_provider",
            "entries": [
              {
                "weight": 3,
                "data": {
                  "Name": "minecraft:small_dripleaf",
                  "Properties": {
                    "facing": "north"
                  }
                }
              },
              {
                "weight": 3,
                "data": {
                  "Name": "minecraft:small_dripleaf",
                  "Properties": {
                    "facing": "east"
                  }
                }
              },
              {
                "weight": 2,
                "data": {
                  "Name": "minecraft:small_dripleaf",
                  "Properties": {
                    "facing": "south"
                  }
                }
              },
              {
                "weight": 2,
                "data": {
                  "Name": "minecraft:small_dripleaf",
                  "Properties": {
                    "facing": "west"
                  }
                }
              }
            ]
          }
        }
      },
      "placement": [
        {
          "type": "minecraft:block_predicate_filter",
          "predicate": {
            "type": "minecraft:matching_blocks",
            "blocks": "minecraft:air"
          }
        }
      ]
    }
  }
}
