{
  "type": "minecraft:tree",
  "config": {
    "ignore_vines": true,
    "force_dirt": false,
    "minimum_size": {
      "type": "minecraft:two_layers_feature_size",
      "min_clipped_height": 0,
      "limit": 0,
      "lower_size": 0,
      "upper_size": 0
    },
    "dirt_provider": {
      "type": "minecraft:simple_state_provider",
      "state": {
        "Name": "minecraft:dirt"
      }
    },
    "trunk_provider": {
      "type": "minecraft:simple_state_provider",
      "state": {
        "Name": "minecraft:stripped_spruce_log",
        "Properties": {
          "axis": "y"
        }
      }
    },
    "foliage_provider": {
      "type": "minecraft:simple_state_provider",
      "state": {
        "Name": "minecraft:spruce_leaves",
        "Properties": {
          "persistent": "false",
          "distance": "7"
        }
      }
    },
    "trunk_placer": {
      "type": "hydrol:giant_straight_branching_trunk_placer",
      "base_height": 20,
      "height_rand_a": 4,
      "height_rand_b": 21,
      "max_branch_height": 24
    },
    "foliage_placer": {
      "type": "hydrol:giant_pine_foliage_placer",
      "radius": 0,
      "offset": 0,
      "crown_height": {
        "type": "minecraft:uniform",
        "value": {
          "min_inclusive": 18,
          "max_inclusive": 22
        }
      }
    },
    "decorators": [
      {
        "type": "hydrol:trunk_wooden_roots",
        "probability": 0.5,
        "wall_state": {
          "type": "minecraft:simple_state_provider",
          "state": {
            "Name": "hydrol:spruce_wood_wall",
            "Properties": {
              "east": "tall",
              "north": "tall",
              "south": "tall",
              "up": "true",
              "waterlogged": "false",
              "west": "tall"
            }
          }
        }
      },
      {
        "type": "hydrol:trunk_mushrooms",
        "probability": 0.15
      },
      {
        "type": "hydrol:mushrooms",
        "probability": 0.75
      },
      {
        "type": "hydrol:hanging_leaves",
        "probability": 0.2
      },
      {
        "type": "minecraft:alter_ground",
        "provider": {
          "type": "minecraft:simple_state_provider",
          "state": {
            "Name": "minecraft:podzol",
            "Properties": {
              "snowy": "false"
            }
          }
        }
      },
      {
        "type": "minecraft:trunk_vine"
      }
    ]
  }
}
