{
  "config": {
    "features": [
      {
        "feature": "hydrol:big_tall_mushroom",
        "chance": 0.33
      },
      {
        "feature": "hydrol:huge_red_mushroom",
        "chance": 0.4
      },
      {
        "feature": "biox:mushroom_giant_red",
        "chance": 0.10
      },
      {
        "feature": "biox:secondary_mushroom_giant_red",
        "chance": 0.17
      }
    ],
    "default": "hydrol:big_tall_mushroom"
  },
  "type": "minecraft:random_selector"
}