{
  "type": "hydrol:anvil_rock",
  "config": {
    "material": {
      "fallback": {
        "type": "minecraft:weighted_state_provider",
        "entries": [
          {
            "weight": 149,
            "data": {
              "Name": "minecraft:smooth_red_sandstone"
            }
          },
          {
            "weight": 50,
            "data": {
              "Name": "minecraft:red_sandstone"
            }
          },
          {
            "weight": 1,
            "data": {
              "Name": "minecraft:air"
            }
          }
        ]
      },
      "rules": []
    },
    "radius": {
      "type": "minecraft:uniform",
      "value": {
        "min_inclusive": 1,
        "max_inclusive": 3
      }
    },
    "height": {
      "type": "minecraft:uniform",
      "value": {
        "min_inclusive": 4,
        "max_inclusive": 15
      }
    },
    "stretch": {
      "type": "minecraft:uniform",
      "value": {
        "min_inclusive": 1,
        "max_inclusive": 3
      }
    }
  }
}
