{
  "type": "minecraft:tree",
  "config": {
    "ignore_vines": true,
    "force_dirt": false,
    "minimum_size": {
      "type": "minecraft:two_layers_feature_size",
      "min_clipped_height": 4,
      "limit": 6,
      "lower_size": 3,
      "upper_size": 2
    },
    "dirt_provider": {
      "type": "minecraft:simple_state_provider",
      "state": {
        "Name": "minecraft:dirt"
      }
    },
    "trunk_provider": {
      "type": "minecraft:simple_state_provider",
      "state": {
        "Name": "minecraft:cherry_log",
        "Properties": {
          "axis": "y"
        }
      }
    },
    "foliage_provider": {
      "type": "minecraft:simple_state_provider",
      "state": {
        "Name": "minecraft:oak_leaves",
        "Properties": {
          "distance": "7",
          "persistent": "false",
          "waterlogged": "false"
        }
      }
    },
    "trunk_placer": {
      "type": "hydrol:straight_branching_trunk_placer",
      "base_height": 17,
      "height_rand_a": 8,
      "height_rand_b": 5,
      "max_branch_height": 4
    },
    "foliage_placer": {
      "type": "hydrol:tall_foliage_placer",
      "radius": 2,
      "offset": 2,
      "height": 4
    },
    "decorators": [
      {
        "type": "hydrol:trunk_mushrooms",
        "probability": 1
      },
      {
        "type": "hydrol:cave_vines",
        "probability": 0.8
      }
    ]
  }
}
