{
  "config": {
    "features": [
      {
        "feature": "biox:stripped_birch_bees_002",
        "chance": 0.04
      },
      {
        "feature": "biox:stripped_towering_mega_spruce",
        "chance": 0.02
      },
      {
        "feature": "biox:stripped_towering_spruce",
        "chance": 0.16
      },
      {
        "feature": "biox:stripped_branching_spruce",
        "chance": 0.5
      },
      {
        "feature": "biox:stripped_trunked_spruce",
        "chance": 0.18
      }
    ],
    "default": "biox:stripped_towering_spruce"
  },
  "type": "minecraft:random_selector"
}