{
  "type": "minecraft:tree",
  "config": {
    "ignore_vines": true,
    "force_dirt": false,
    "minimum_size": {
      "type": "minecraft:two_layers_feature_size",
      "min_clipped_height": 4,
      "limit": 0,
      "lower_size": 0,
      "upper_size": 0
    },
    "dirt_provider": {
      "type": "minecraft:simple_state_provider",
      "state": {
        "Name": "minecraft:dirt"
      }
    },
    "trunk_provider": {
      "type": "minecraft:simple_state_provider",
      "state": {
        "Name": "minecraft:oak_wood",
        "Properties": {
          "axis": "y"
        }
      }
    },
    "foliage_provider": {
      "type": "minecraft:simple_state_provider",
      "state": {
        "Name": "minecraft:oak_leaves",
        "Properties": {
          "persistent": "true",
          "distance": "7"
        }
      }
    },
    "trunk_placer": {
      "type": "minecraft:fancy_trunk_placer",
      "base_height": 18,
      "height_rand_a": 5,
      "height_rand_b": 1
    },
    "foliage_placer": {
      "type": "minecraft:fancy_foliage_placer",
      "radius": 3,
      "offset": 4,
      "height": 4
    },
    "decorators": [
      {
        "type": "hydrol:trunk_wooden_roots",
        "probability": 0.4,
        "wall_state": {
          "type": "minecraft:simple_state_provider",
          "state": {
            "Name": "hydrol:oak_wood_wall",
            "Properties": {
              "east": "tall",
              "north": "tall",
              "south": "tall",
              "up": "true",
              "waterlogged": "false",
              "west": "tall"
            }
          }
        }
      },
      {
        "type": "hydrol:trunk_mushrooms",
        "probability": 0.275
      },
      {
        "type": "hydrol:hanging_leaves",
        "probability": 0.3
      },
      {
        "type": "minecraft:leave_vine",
        "probability": 0.02
      },
      {
        "type": "minecraft:trunk_vine"
      }
    ]
  }
}
