{
  "type": "minecraft:tree",
  "config": {
    "ignore_vines": true,
    "force_dirt": false,
    "minimum_size": {
      "type": "minecraft:two_layers_feature_size",
      "limit": 1,
      "lower_size": 0,
      "upper_size": 2
    },
    "dirt_provider": {
      "type": "minecraft:simple_state_provider",
      "state": {
        "Name": "minecraft:dirt"
      }
    },
    "trunk_provider": {
      "type": "minecraft:simple_state_provider",
      "state": {
        "Name": "minecraft:dark_oak_wood",
        "Properties": {
          "axis": "y"
        }
      }
    },
    "foliage_provider": {
      "type": "minecraft:simple_state_provider",
      "state": {
        "Name": "minecraft:dark_oak_leaves",
        "Properties": {
          "distance": "7",
          "persistent": "true"
        }
      }
    },
    "root_placer": {
      "type": "minecraft:mangrove_root_placer",
      "root_provider": {
        "type": "minecraft:simple_state_provider",
        "state": {
          "Name": "minecraft:dark_oak_wood"
        }
      },
      "trunk_offset_y": 4,
      "mangrove_root_placement": {
        "max_root_width": 4,
        "max_root_length": 8,
        "random_skew_chance": 0.3,
        "can_grow_through": "#minecraft:leaves",
        "muddy_roots_in": "#minecraft:dirt",
        "muddy_roots_provider": {
          "type": "minecraft:simple_state_provider",
          "state": {
            "Name": "minecraft:dark_oak_wood"
          }
        }
      }
    },
    "trunk_placer": {
      "type": "hydrol:giant_canopied_trunk_placer",
      "base_height": 13,
      "height_rand_a": 2,
      "height_rand_b": 0,
      "branch_count": 3,
      "amount_of_branches": 6,
      "branch_horizontal_length": {
        "type": "minecraft:uniform",
        "value": {
          "min_inclusive": 9,
          "max_inclusive": 12
        }
      },
      "branch_start_offset_from_top": {
        "min_inclusive": -5,
        "max_inclusive": -3
      },
      "branch_end_height": {
        "type": "minecraft:uniform",
        "value": {
          "min_inclusive": 7,
          "max_inclusive": 8
        }
      }
    },
    "foliage_placer": {
      "type": "minecraft:dark_oak_foliage_placer",
      "radius": 3,
      "offset": 1
    },
    "decorators": [
      {
        "type": "hydrol:trunk_wooden_roots",
        "probability": 0.44,
        "wall_state": {
          "type": "minecraft:simple_state_provider",
          "state": {
            "Name": "hydrol:dark_oak_wood_wall",
            "Properties": {
              "east": "tall",
              "north": "tall",
              "south": "tall",
              "up": "true",
              "waterlogged": "false",
              "west": "tall"
            }
          }
        }
      },
      {
        "type": "hydrol:trunk_mushrooms",
        "probability": 0.44
      },
      {
        "type": "hydrol:hanging_leaves",
        "probability": 0.8
      },
      {
        "type": "hydrol:mushrooms",
        "probability": 0.9
      }
    ]
  }
}
