{
  "type": "minecraft:tree",
  "config": {
    "ignore_vines": true,
    "force_dirt": false,
    "minimum_size": {
      "type": "minecraft:two_layers_feature_size",
      "min_clipped_height": 4,
      "limit": 0,
      "lower_size": 0,
      "upper_size": 0
    },
    "dirt_provider": {
      "type": "minecraft:simple_state_provider",
      "state": {
        "Name": "minecraft:dirt"
      }
    },
    "trunk_provider": {
      "type": "minecraft:simple_state_provider",
      "state": {
        "Name": "minecraft:acacia_wood",
        "Properties": {
          "axis": "y"
        }
      }
    },
    "foliage_provider": {
      "type": "minecraft:simple_state_provider",
      "state": {
        "Name": "minecraft:acacia_leaves",
        "Properties": {
          "persistent": "true",
          "distance": "7"
        }
      }
    },
    "trunk_placer": {
      "type": "hydrol:branching_trunk_placer",
      "base_height": 14,
      "height_rand_a": 19,
      "height_rand_b": 1,
      "branch_count": 2,
      "amount_of_branches": 2,
      "branch_horizontal_length": {
        "type": "minecraft:uniform",
        "value": {
          "min_inclusive": 4,
          "max_inclusive": 8
        }
      },
      "branch_start_offset_from_top": {
        "min_inclusive": -13,
        "max_inclusive": -8
      },
      "branch_end_height": {
        "type": "minecraft:uniform",
        "value": {
          "min_inclusive": 7,
          "max_inclusive": 10
        }
      }
    },
    "foliage_placer": {
      "type": "minecraft:acacia_foliage_placer",
      "offset": 1,
      "radius": 4
    },
    "decorators": [
      {
        "type": "hydrol:trunk_wooden_roots",
        "probability": 0.2,
        "wall_state": {
          "type": "minecraft:simple_state_provider",
          "state": {
            "Name": "hydrol:acacia_wood_wall",
            "Properties": {
              "east": "tall",
              "north": "tall",
              "south": "tall",
              "up": "true",
              "waterlogged": "false",
              "west": "tall"
            }
          }
        }
      },
      {
        "type": "hydrol:trunk_mushrooms",
        "probability": 0.5
      },
      {
        "type": "hydrol:hanging_leaves",
        "probability": 0.1
      },
      {
        "type": "minecraft:trunk_vine"
      }
    ]
  }
}
