{
  "feature": "hydrol:amethyst_void_crystals",
  "placement": [
    {
      "type": "minecraft:count",
      "count": 69
    },
    {
      "type": "minecraft:in_square"
    },
    {
      "type": "minecraft:height_range",
      "height": {
        "type": "minecraft:uniform",
        "min_inclusive": {
          "above_bottom": 44
        },
        "max_inclusive": {
          "absolute": 0
        }
      }
    },
    {
      "type": "minecraft:environment_scan",
      "direction_of_search": "down",
      "max_steps": 32,
      "target_condition": {
        "type": "minecraft:matching_blocks",
        "offset": [
          0,
          -1,
          0
        ],
        "blocks": [
          "minecraft:amethyst_block",
          "minecraft:budding_amethyst",
          "minecraft:smooth_basalt",
          "minecraft:basalt",
          "minecraft:calcite",
          "minecraft:deepslate",
          "minecraft:ice",
          "minecraft:packed_ice",
          "minecraft:blue_ice"
        ]
      },
      "allowed_search_condition": {
        "type": "minecraft:matching_blocks",
        "blocks": [
          "minecraft:air"
        ]
      }
    },
    {
      "type": "minecraft:biome"
    }
  ]
}
