{
  "feature": "biox:amethyst_vine",
  "placement": [
    {
      "type": "minecraft:count",
      "count": {
        "type": "minecraft:uniform",
        "value": {
          "min_inclusive": 40,
          "max_inclusive": 110
        }
      }
    },
    {
      "type": "minecraft:in_square"
    },
    {
      "type": "minecraft:height_range",
      "height": {
        "type": "minecraft:uniform",
        "min_inclusive": {
          "above_bottom": 32
        },
        "max_inclusive": {
          "absolute": -32
        }
      }
    },
    {
      "type": "minecraft:environment_scan",
      "direction_of_search": "up",
      "max_steps": 32,
      "target_condition": {
        "type": "minecraft:matching_blocks",
        "offset": [
          0,
          1,
          0
        ],
        "blocks": [
          "minecraft:amethyst_block",
          "minecraft:budding_amethyst",
          "minecraft:smooth_basalt",
          "minecraft:basalt",
          "minecraft:calcite",
          "minecraft:deepslate"
        ]
      },
      "allowed_search_condition": {
        "type": "minecraft:matching_blocks",
        "blocks": [
          "minecraft:air"
        ]
      }
    },
    {
      "type": "minecraft:biome"
    }
  ]
}
