{
  "feature": "hydrol:amethyst_block_cluster",
  "placement": [
    {
      "type": "minecraft:noise_based_count",
      "noise_to_count_ratio": 75,
      "noise_factor": 12,
      "noise_offset": 0.66
    },
    {
      "type": "minecraft:in_square"
    },
    {
      "type": "minecraft:height_range",
      "height": {
        "type": "minecraft:uniform",
        "min_inclusive": {
          "above_bottom": 44
        },
        "max_inclusive": {
          "absolute": 0
        }
      }
    },
    {
      "type": "minecraft:environment_scan",
      "direction_of_search": "down",
      "max_steps": 32,
      "target_condition": {
        "type": "minecraft:matching_blocks",
        "offset": [
          0,
          -1,
          0
        ],
        "blocks": "minecraft:amethyst_block"
      },
      "allowed_search_condition": {
        "type": "minecraft:replaceable"
      }
    },
    {
      "type": "minecraft:surface_water_depth_filter",
      "max_water_depth": 1
    },
    {
      "type": "minecraft:biome"
    }
  ]
}
