{
  "feature": "biox:azalea_bush",
  "placement": [
    {
      "type": "minecraft:count",
      "count": {
        "type": "minecraft:weighted_list",
        "distribution": [
          {
            "weight": 1,
            "data": 2
          },
          {
            "weight": 6,
            "data": 4
          },
          {
            "weight": 24,
            "data": 6
          },
          {
            "weight": 17,
            "data": 8
          },
          {
            "weight": 17,
            "data": 14
          }
        ]
      }
    },
    {
      "type": "minecraft:in_square"
    },
    {
      "type": "minecraft:surface_water_depth_filter",
      "max_water_depth": 1
    },
    {
      "type": "minecraft:heightmap",
      "heightmap": "OCEAN_FLOOR"
    },
    {
      "type": "minecraft:block_predicate_filter",
      "predicate": {
        "type": "minecraft:all_of",
        "predicates": [
          {
            "type": "minecraft:matching_blocks",
            "offset": [
              0,
              -1,
              0
            ],
            "blocks": "minecraft:coarse_dirt"
          },
          {
            "type": "minecraft:would_survive",
            "state": {
              "Name": "minecraft:cherry_sapling"
            }
          }
        ]
      }
    },
    {
      "type": "minecraft:biome"
    }
  ]
}
