{
  "feature": "biox:blue_ice_crystal",
  "placement": [
    {
      "type": "minecraft:noise_based_count",
      "noise_to_count_ratio": 1,
      "noise_factor": 96,
      "noise_offset": -0.5
    },
    {
      "type": "minecraft:in_square"
    },
    {
      "type": "minecraft:height_range",
      "height": {
        "type": "minecraft:weighted_list",
        "distribution": [
          {
            "weight": 4,
            "data": {
              "type": "minecraft:uniform",
              "min_inclusive": {
                "absolute": 222
              },
              "max_inclusive": {
                "absolute": 256
              }
            }
          },
          {
            "weight": 6,
            "data": {
              "type": "minecraft:uniform",
              "min_inclusive": {
                "absolute": 284
              },
              "max_inclusive": {
                "absolute": 306
              }
            }
          }
        ]
      }
    }
  ]
}