{
  "feature": "biox:cave_torch_flower",
  "placement": [
    {
      "type": "minecraft:noise_based_count",
      "noise_to_count_ratio": 25,
      "noise_factor": 69,
      "noise_offset": 0.7
    },
    {
      "type": "minecraft:in_square"
    },
    {
      "type": "minecraft:height_range",
      "height": {
        "type": "minecraft:uniform",
        "min_inclusive": {
          "above_bottom": 44
        },
        "max_inclusive": {
          "absolute": 0
        }
      }
    },
    {
      "type": "minecraft:environment_scan",
      "direction_of_search": "down",
      "max_steps": 32,
      "target_condition": {
        "type": "minecraft:would_survive",
        "offset": [
          0,
          0,
          0
        ],
        "state": {
          "Name": "minecraft:torchflower"
        }
      }
    },
    {
      "type": "minecraft:biome"
    }
  ]
}
