{
  "feature": "biox:dark_oak_bush",
  "placement": [
    {
      "type": "minecraft:count",
      "count": {
        "type": "minecraft:weighted_list",
        "distribution": [
          {
            "weight": 1,
            "data": 1
          },
          {
            "weight": 6,
            "data": 2
          },
          {
            "weight": 24,
            "data": 12
          },
          {
            "weight": 17,
            "data": 11
          },
          {
            "weight": 17,
            "data": 14
          }
        ]
      }
    },
    {
      "type": "minecraft:in_square"
    },
    {
      "type": "minecraft:surface_water_depth_filter",
      "max_water_depth": 1
    },
    {
      "type": "minecraft:heightmap",
      "heightmap": "OCEAN_FLOOR"
    },
    {
      "type": "minecraft:block_predicate_filter",
      "predicate": {
        "type": "minecraft:would_survive",
        "state": {
          "Name": "minecraft:dark_oak_sapling",
          "Properties": {
            "stage": "0"
          }
        }
      }
    },
    {
      "type": "minecraft:biome"
    }
  ]
}