{
  "feature": "biox:terracotta_pool",
  "placement": [
    {
      "type": "minecraft:noise_based_count",
      "noise_to_count_ratio": 1,
      "noise_factor": 1,
      "noise_offset": 0.44
    },
    {
      "type": "minecraft:in_square"
    },
    {
      "type": "minecraft:height_range",
      "height": {
        "type": "minecraft:uniform",
        "min_inclusive": {
          "absolute": 60
        },
        "max_inclusive": {
          "absolute": 61
        }
      }
    },
    {
      "type": "minecraft:surface_water_depth_filter",
      "max_water_depth": 1
    }
  ]
}
