{
  "feature": "hydrol:lush_spore_blossom",
  "placement": [
    {
      "type": "minecraft:count",
      "count": 76
    },
    {
      "type": "minecraft:in_square"
    },
    {
      "type": "minecraft:height_range",
      "height": {
        "type": "minecraft:uniform",
        "min_inclusive": {
          "above_bottom": 32
        },
        "max_inclusive": {
          "absolute": -32
        }
      }
    },
    {
      "type": "minecraft:environment_scan",
      "direction_of_search": "up",
      "max_steps": 32,
      "target_condition": {
        "type": "minecraft:solid"
      },
      "allowed_search_condition": {
        "type": "minecraft:matching_blocks",
        "blocks": [
          "minecraft:air"
        ]
      }
    },
    {
      "type": "minecraft:biome"
    }
  ]
}
