{
  "feature": "biox:mushroom_giant_brown",
  "placement": [
    {
      "type": "minecraft:noise_based_count",
      "noise_to_count_ratio": 75,
      "noise_factor": 2,
      "noise_offset": -0.6
    },
    {
      "type": "minecraft:in_square"
    },
    {
      "type": "minecraft:heightmap",
      "heightmap": "MOTION_BLOCKING"
    },
    {
      "type": "minecraft:block_predicate_filter",
      "predicate": {
        "type": "minecraft:would_survive",
        "state": {
          "Name": "minecraft:cherry_sapling",
          "Properties": {
            "stage": "0"
          }
        }
      }
    },
    {
      "type": "minecraft:biome"
    }
  ]
}
