{
  "feature": "biox:mushroom_giant_red",
  "placement": [
    {
      "type": "minecraft:noise_based_count",
      "noise_to_count_ratio": 75,
      "noise_factor": 2,
      "noise_offset": -0.4
    },
    {
      "type": "minecraft:in_square"
    },
    {
      "type": "minecraft:heightmap",
      "heightmap": "MOTION_BLOCKING"
    },
    {
      "type": "minecraft:block_predicate_filter",
      "predicate": {
        "type": "minecraft:matching_blocks",
        "offset": [
          0,
          0,
          0
        ],
        "blocks": "minecraft:mud"
      }
    },
    {
      "type": "minecraft:biome"
    }
  ]
}
