{
  "feature": "biox:jungle_bush_tall",
  "placement": [
    {
      "type": "minecraft:count",
      "count": {
        "type": "minecraft:weighted_list",
        "distribution": [
          {
            "weight": 1,
            "data": 2
          },
          {
            "weight": 6,
            "data": 1
          },
          {
            "weight": 24,
            "data": 16
          },
          {
            "weight": 17,
            "data": 11
          },
          {
            "weight": 17,
            "data": 28
          }
        ]
      }
    },
    {
      "type": "minecraft:in_square"
    },
    {
      "type": "minecraft:heightmap",
      "heightmap": "OCEAN_FLOOR"
    },
    {
      "type": "minecraft:block_predicate_filter",
      "predicate": {
        "type": "minecraft:matching_blocks",
        "offset": [
          0,
          -1,
          0
        ],
        "blocks": [
          "minecraft:snow_block",
          "minecraft:grass_block",
          "minecraft:dirt",
          "minecraft:podzol",
          "minecraft:coarse_dirt",
          "minecraft:mycelium",
          "minecraft:grass_block",
          "minecraft:packed_mud",
          "minecraft:mud",
          "minecraft:red_sand",
          "minecraft:jungle_leaves"
        ]
      }
    },
    {
      "type": "minecraft:biome"
    }
  ]
}
