{
  "feature": "hydrol:thin_honey_pillar",
  "placement": [
    {
      "type": "minecraft:noise_based_count",
      "noise_to_count_ratio": 25,
      "noise_factor": 100,
      "noise_offset": 0.75
    },
    {
      "type": "minecraft:in_square"
    },
    {
      "type": "minecraft:height_range",
      "height": {
        "type": "minecraft:uniform",
        "min_inclusive": {
          "absolute": -48
        },
        "max_inclusive": {
          "absolute": 16
        }
      }
    },
    {
      "type": "minecraft:biome"
    }
  ]
}
