{
  "feature": "biox:mangrove_bushes_dense",
  "placement": [
    {
      "type": "minecraft:noise_based_count",
      "noise_to_count_ratio": 25,
      "noise_factor": 2,
      "noise_offset": 0
    },
    {
      "type": "minecraft:in_square"
    },
    {
      "type": "minecraft:surface_water_depth_filter",
      "max_water_depth": 1
    },
    {
      "type": "minecraft:heightmap",
      "heightmap": "OCEAN_FLOOR"
    },
    {
      "type": "minecraft:biome"
    }
  ]
}
