{
  "feature": "biox:azalea_bush",
  "placement": [
    {
      "type": "minecraft:count",
      "count": {
        "type": "minecraft:weighted_list",
        "distribution": [
          {
            "weight": 7,
            "data": 2
          },
          {
            "weight": 24,
            "data": 3
          },
          {
            "weight": 17,
            "data": 5
          },
          {
            "weight": 17,
            "data": 10
          }
        ]
      }
    },
    {
      "type": "minecraft:in_square"
    },
    {
      "type": "minecraft:height_range",
      "height": {
        "absolute": 103
      }
    },
    {
      "type": "minecraft:environment_scan",
      "direction_of_search": "down",
      "max_steps": 5,
      "target_condition": {
        "type": "minecraft:would_survive",
        "state": {
          "Name": "minecraft:cherry_sapling",
          "Properties": {
            "stage": "0"
          }
        }
      }
    },
    {
      "type": "minecraft:biome"
    }
  ]
}
