{
  "feature": "minecraft:patch_melon",
  "placement": [
    {
      "type": "minecraft:noise_based_count",
      "noise_to_count_ratio": 4,
      "noise_factor": 48,
      "noise_offset": -0.2
    },
    {
      "type": "minecraft:in_square"
    },
    {
      "type": "minecraft:heightmap",
      "heightmap": "WORLD_SURFACE_WG"
    },
    {
      "type": "minecraft:environment_scan",
      "direction_of_search": "down",
      "max_steps": 1,
      "target_condition": {
        "type": "minecraft:true"
      },
      "allowed_search_condition": {
        "type": "minecraft:matching_blocks",
        "offset": [
          0,
          -1,
          0
        ],
        "blocks": "minecraft:grass_block"
      }
    },
    {
      "type": "minecraft:biome"
    }
  ]
}
