{
  "feature": "hydrol:moss_stones",
  "placement": [
    {
      "type": "minecraft:count",
      "count": 10
    },
    {
      "type": "minecraft:in_square"
    },
    {
      "type": "minecraft:heightmap",
      "heightmap": "WORLD_SURFACE_WG"
    },
    {
      "type": "minecraft:environment_scan",
      "direction_of_search": "down",
      "max_steps": 1,
      "target_condition": {
        "type": "minecraft:matching_blocks",
        "offset": [
          0,
          -1,
          0
        ],
        "blocks": [
          "minecraft:mossy_cobblestone"
        ]
      }
    },
    {
      "type": "minecraft:biome"
    }
  ]
}
