{
  "feature": "biox:muddy_giant_cherry",
  "placement": [
    {
      "type": "minecraft:block_predicate_filter",
      "predicate": {
        "type": "minecraft:any_of",
        "predicates": [
          {
            "type": "minecraft:would_survive",
            "state": {
              "Name": "minecraft:cherry_sapling",
              "Properties": {
                "stage": "0"
              }
            }
          },
          {
            "type": "minecraft:any_of",
            "predicates": [
              {
                "type": "minecraft:matching_blocks",
                "offset": [
                  0,
                  -1,
                  0
                ],
                "blocks": [
                  "minecraft:calcite",
                  "minecraft:diorite",
                  "minecraft:grass_block",
                  "minecraft:grass_block",
                  "minecraft:clay",
                  "minecraft:mud",
                  "minecraft:red_sand",
                  "minecraft:sand",
                  "minecraft:gravel",
                  "minecraft:stone"
                ]
              }
            ]
          }
        ]
      }
    }
  ]
}
