{
  "feature": "biox:mushrooms_giant",
  "placement": [
    {
      "type": "minecraft:noise_based_count",
      "noise_to_count_ratio": 1,
      "noise_factor": 2,
      "noise_offset": -0.75
    },
    {
      "type": "minecraft:count",
      "count": 2
    },
    {
      "type": "minecraft:random_offset",
      "xz_spread": {
        "type": "minecraft:uniform",
        "value": {
          "min_inclusive": 3,
          "max_inclusive": 12
        }
      },
      "y_spread": 0
    },
    {
      "type": "minecraft:surface_water_depth_filter",
      "max_water_depth": 0
    },
    {
      "type": "minecraft:heightmap",
      "heightmap": "OCEAN_FLOOR"
    },
    {
      "type": "minecraft:biome"
    }
  ]
}
