{
  "feature": "biox:ore_spike_ice",
  "placement": [
    {
      "type": "minecraft:noise_based_count",
      "noise_to_count_ratio": 48,
      "noise_factor": 16,
      "noise_offset": 0.75
    },
    {
      "type": "minecraft:in_square"
    },
    {
      "type": "minecraft:height_range",
      "height": {
        "type": "minecraft:uniform",
        "min_inclusive": {
          "above_bottom": 10
        },
        "max_inclusive": {
          "absolute": 0
        }
      }
    },
    {
      "type": "minecraft:biome"
    }
  ]
}
