{
  "feature": "biox:ore_magma",
  "placement": [
    {
      "type": "minecraft:noise_based_count",
      "noise_to_count_ratio": 25,
      "noise_factor": 1,
      "noise_offset": 0.44
    },
    {
      "type": "minecraft:in_square"
    },
    {
      "type": "minecraft:height_range",
      "height": {
        "type": "minecraft:uniform",
        "min_inclusive": {
          "absolute": 61
        },
        "max_inclusive": {
          "absolute": 62
        }
      }
    },
    {
      "type": "minecraft:environment_scan",
      "direction_of_search": "down",
      "max_steps": 25,
      "target_condition": {
        "type": "minecraft:solid"
      }
    }
  ]
}
