{
  "feature": "minecraft:patch_berry_bush",
  "placement": [
    {
      "type": "minecraft:noise_based_count",
      "noise_to_count_ratio": 12,
      "noise_factor": 32,
      "noise_offset": -0.2
    },
    {
      "type": "minecraft:in_square"
    },
    {
      "type": "minecraft:heightmap",
      "heightmap": "WORLD_SURFACE_WG"
    },
    {
      "type": "minecraft:block_predicate_filter",
      "predicate": {
        "type": "minecraft:matching_blocks",
        "offset": [
          0,
          -1,
          0
        ],
        "blocks": "minecraft:grass_block"
      }
    },
    {
      "type": "minecraft:biome"
    }
  ]
}
