{
  "feature": "biox:popping_flower_patch",
  "placement": [
    {
      "type": "minecraft:noise_based_count",
      "noise_to_count_ratio": 6,
      "noise_factor": 32,
      "noise_offset": 0
    },
    {
      "type": "minecraft:in_square"
    },
    {
      "type": "minecraft:heightmap",
      "heightmap": "OCEAN_FLOOR"
    },
    {
      "type": "minecraft:block_predicate_filter",
      "predicate": {
        "type": "minecraft:all_of",
        "predicates": [
          {
            "type": "minecraft:matching_blocks",
            "offset": [
              0,
              -1,
              0
            ],
            "blocks": "minecraft:grass_block"
          },
          {
            "type": "minecraft:would_survive",
            "state": {
              "Name": "minecraft:poppy"
            }
          }
        ]
      }
    },
    {
      "type": "minecraft:biome"
    }
  ]
}
