{
  "feature": "biox:trees_giant_dead",
  "placement": [
    {
      "type": "minecraft:count",
      "count": {
        "type": "minecraft:weighted_list",
        "distribution": [
          {
            "weight": 3,
            "data": 4
          },
          {
            "weight": 7,
            "data": 7
          }
        ]
      }
    },
    {
      "type": "minecraft:in_square"
    },
    {
      "type": "minecraft:height_range",
      "height": {
        "type": "minecraft:uniform",
        "min_inclusive": {
          "above_bottom": 44
        },
        "max_inclusive": {
          "absolute": 0
        }
      }
    },
    {
      "type": "minecraft:environment_scan",
      "direction_of_search": "down",
      "max_steps": 32,
      "target_condition": {
        "type": "minecraft:would_survive",
        "state": {
          "Name": "minecraft:oak_sapling"
        }
      }
    },
    {
      "type": "minecraft:biome"
    }
  ]
}
