{
  "feature": "hydrol:rooted_bush",
  "placement": [
    {
      "type": "minecraft:count",
      "count": {
        "type": "minecraft:weighted_list",
        "distribution": [
          {
            "weight": 1,
            "data": 6
          },
          {
            "weight": 6,
            "data": 8
          },
          {
            "weight": 24,
            "data": 2
          },
          {
            "weight": 17,
            "data": 4
          },
          {
            "weight": 17,
            "data": 10
          }
        ]
      }
    },
    {
      "type": "minecraft:in_square"
    },
    {
      "type": "minecraft:surface_water_depth_filter",
      "max_water_depth": 1
    },
    {
      "type": "minecraft:heightmap",
      "heightmap": "OCEAN_FLOOR"
    },
    {
      "type": "minecraft:biome"
    }
  ]
}
