{
  "feature": "biox:ore_spike_sandstone",
  "placement": [
    {
      "type": "minecraft:count",
      "count": {
        "type": "minecraft:uniform",
        "value": {
          "min_inclusive": 2,
          "max_inclusive": 4
        }
      }
    },
    {
      "type": "minecraft:in_square"
    },
    {
      "type": "minecraft:heightmap",
      "heightmap": "OCEAN_FLOOR_WG"
    },
    {
      "type": "minecraft:environment_scan",
      "direction_of_search": "down",
      "max_steps": 3,
      "target_condition": {
        "type": "minecraft:all_of",
        "predicates": [
          {
            "type": "minecraft:solid"
          },
          {
            "type": "minecraft:matching_blocks",
            "offset": [
              0,
              1,
              0
            ],
            "blocks": [
              "minecraft:red_sand",
              "minecraft:red_sandstone"
            ]
          },
          {
            "type": "minecraft:matching_blocks",
            "offset": [
              0,
              2,
              0
            ],
            "blocks": [
              "minecraft:red_sand",
              "minecraft:red_sandstone"
            ]
          },
          {
            "type": "minecraft:matching_blocks",
            "offset": [
              0,
              3,
              0
            ],
            "blocks": "minecraft:air"
          }
        ]
      }
    },
    {
      "type": "minecraft:biome"
    }
  ]
}
