{
  "feature": "biox:sandstony_mangrove_shrubbery",
  "placement": [
    {
      "type": "minecraft:noise_based_count",
      "noise_to_count_ratio": 128,
      "noise_factor": 1,
      "noise_offset": 0.1
    },
    {
      "type": "minecraft:in_square"
    },
    {
      "type": "minecraft:surface_water_depth_filter",
      "max_water_depth": 0
    },
    {
      "type": "minecraft:heightmap",
      "heightmap": "OCEAN_FLOOR"
    },
    {
      "type": "minecraft:environment_scan",
      "direction_of_search": "down",
      "max_steps": 1,
      "target_condition": {
        "type": "minecraft:true"
      },
      "allowed_search_condition": {
        "type": "minecraft:matching_blocks",
        "offset": [
          0,
          -1,
          0
        ],
        "blocks": "minecraft:grass_block"
      }
    },
    {
      "type": "minecraft:biome"
    }
  ]
}
