{
  "feature": "biox:stripped_giant_spruce",
  "placement": [
    {
      "type": "minecraft:block_predicate_filter",
      "predicate": {
        "type": "minecraft:any_of",
        "predicates": [
          {
            "type": "minecraft:would_survive",
            "state": {
              "Name": "minecraft:spruce_sapling",
              "Properties": {
                "stage": "0"
              }
            }
          },
          {
            "type": "minecraft:matching_blocks",
            "offset": [
              0,
              -1,
              0
            ],
            "blocks": [
              "minecraft:snow_block"
            ]
          }
        ]
      }
    }
  ]
}
