{
  "feature": "biox:tan_mountainous_rocks",
  "placement": [
    {
      "type": "minecraft:noise_based_count",
      "noise_to_count_ratio": 75,
      "noise_factor": 1,
      "noise_offset": 0.2
    },
    {
      "type": "minecraft:random_offset",
      "xz_spread": {
        "type": "minecraft:weighted_list",
        "distribution": [
          {
            "weight": 1,
            "data": 1
          },
          {
            "weight": 1,
            "data": 4
          },
          {
            "weight": 1,
            "data": 7
          },
          {
            "weight": 1,
            "data": 10
          },
          {
            "weight": 1,
            "data": 13
          }
        ]
      },
      "y_spread": 0
    },
    {
      "type": "minecraft:heightmap",
      "heightmap": "OCEAN_FLOOR"
    },
    {
      "type": "minecraft:biome"
    }
  ]
}
