{
  "feature": "biox:trees_giant_palm",
  "placement": [
    {
      "type": "minecraft:noise_based_count",
      "noise_to_count_ratio": 2,
      "noise_factor": 48,
      "noise_offset": 0.3
    },
    {
      "type": "minecraft:in_square"
    },
    {
      "type": "minecraft:surface_water_depth_filter",
      "max_water_depth": 0
    },
    {
      "type": "minecraft:height_range",
      "height": {
        "type": "minecraft:uniform",
        "min_inclusive": {
          "absolute": 63
        },
        "max_inclusive": {
          "absolute": 66
        }
      }
    },
    {
      "type": "minecraft:block_predicate_filter",
      "predicate": {
        "type": "minecraft:would_survive",
        "state": {
          "Name": "minecraft:dead_bush"
        }
      }
    },
    {
      "type": "minecraft:biome"
    }
  ]
}
