{
  "feature": "hydrol:trees_normal_dark_oak",
  "placement": [
    {
      "type": "minecraft:count",
      "count": {
        "type": "minecraft:weighted_list",
        "distribution": [
          {
            "weight": 34,
            "data": 0
          },
          {
            "weight": 58,
            "data": 1
          },
          {
            "weight": 7,
            "data": 3
          },
          {
            "weight": 1,
            "data": 5
          }
        ]
      }
    },
    {
      "type": "minecraft:in_square"
    },
    {
      "type": "minecraft:surface_water_depth_filter",
      "max_water_depth": 0
    },
    {
      "type": "minecraft:heightmap",
      "heightmap": "OCEAN_FLOOR"
    },
    {
      "type": "minecraft:biome"
    }
  ]
}
