{
  "feature": "biox:trees_moss_tall_birch",
  "placement": [
    {
      "type": "minecraft:noise_based_count",
      "noise_to_count_ratio": 6,
      "noise_factor": 22,
      "noise_offset": -0.33
    },
    {
      "type": "minecraft:in_square"
    },
    {
      "type": "minecraft:surface_water_depth_filter",
      "max_water_depth": 0
    },
    {
      "type": "minecraft:heightmap",
      "heightmap": "OCEAN_FLOOR"
    },
    {
      "type": "minecraft:biome"
    }
  ]
}
