{
  "feature": "hydrol:trees_tall_oak",
  "placement": [
    {
      "type": "minecraft:count",
      "count": {
        "type": "minecraft:weighted_list",
        "distribution": [
          {
            "data": 5,
            "weight": 2
          },
          {
            "data": 7,
            "weight": 3
          },
          {
            "data": 8,
            "weight": 5
          }
        ]
      }
    },
    {
      "type": "minecraft:in_square"
    },
    {
      "max_water_depth": 0,
      "type": "minecraft:surface_water_depth_filter"
    },
    {
      "heightmap": "OCEAN_FLOOR",
      "type": "minecraft:heightmap"
    },
    {
      "type": "minecraft:block_predicate_filter",
      "predicate": {
        "type": "minecraft:matching_blocks",
        "offset": [
          0,
          -1,
          0
        ],
        "blocks": "minecraft:coarse_dirt"
      }
    },
    {
      "type": "minecraft:biome"
    }
  ]
}