{
  "feature": "biox:trees_orchard",
  "placement": [
    {
      "type": "minecraft:count",
      "count": {
        "type": "minecraft:weighted_list",
        "distribution": [
          {
            "weight": 16,
            "data": 3
          },
          {
            "weight": 3,
            "data": 4
          },
          {
            "weight": 1,
            "data": 2
          }
        ]
      }
    },
    {
      "type": "minecraft:in_square"
    },
    {
      "type": "minecraft:surface_water_depth_filter",
      "max_water_depth": 0
    },
    {
      "type": "minecraft:heightmap",
      "heightmap": "OCEAN_FLOOR"
    },
    {
      "type": "minecraft:block_predicate_filter",
      "predicate": {
        "type": "minecraft:would_survive",
        "state": {
          "Name": "minecraft:oak_sapling",
          "Properties": {
            "stage": "0"
          }
        }
      }
    },
    {
      "type": "minecraft:biome"
    }
  ]
}
