{
  "feature": "biox:trees_stripped_tall_spruce",
  "placement": [
    {
      "type": "minecraft:noise_based_count",
      "noise_to_count_ratio": 25,
      "noise_factor": 2,
      "noise_offset": 0
    },
    {
      "type": "minecraft:in_square"
    },
    {
      "max_water_depth": 0,
      "type": "minecraft:surface_water_depth_filter"
    },
    {
      "heightmap": "OCEAN_FLOOR",
      "type": "minecraft:heightmap"
    },
    {
      "type": "minecraft:block_predicate_filter",
      "predicate": {
        "type": "minecraft:matching_blocks",
        "offset": [
          0,
          -1,
          0
        ],
        "blocks": [
          "minecraft:coarse_dirt",
          "minecraft:snow_block"
        ]
      }
    },
    {
      "type": "minecraft:biome"
    }
  ]
}