{
  "feature": "biox:tuff_cube",
  "placement": [
    {
      "type": "minecraft:count",
      "count": 75
    },
    {
      "type": "minecraft:random_offset",
      "xz_spread": {
        "type": "minecraft:weighted_list",
        "distribution": [
          {
            "weight": 1,
            "data": 1
          },
          {
            "weight": 1,
            "data": 4
          },
          {
            "weight": 1,
            "data": 7
          },
          {
            "weight": 1,
            "data": 10
          },
          {
            "weight": 1,
            "data": 13
          }
        ]
      },
      "y_spread": 0
    },
    {
      "type": "minecraft:heightmap",
      "heightmap": "WORLD_SURFACE_WG"
    },
    {
      "type": "minecraft:block_predicate_filter",
      "predicate": {
        "type": "minecraft:matching_blocks",
        "offset": [
          0,
          -1,
          0
        ],
        "blocks": [
          "minecraft:tuff"
        ]
      }
    },
    {
      "type": "minecraft:biome"
    }
  ]
}
