{
  "type": "minecraft:block",
  "pools": [
    {
      "rolls": 1,
      "entries": [
        {
          "type": "minecraft:item",
          "name": "hydrol:birch_leaves_pile",
          "functions": [
            {
              "function": "minecraft:set_count",
              "count": 1,
              "add": false,
              "conditions": [
                {
                  "condition": "minecraft:block_state_property",
                  "block": "hydrol:birch_leaves_pile",
                  "properties": {
                    "layers": "1"
                  }
                }
              ]
            },
            {
              "function": "minecraft:set_count",
              "count": 2,
              "add": false,
              "conditions": [
                {
                  "condition": "minecraft:block_state_property",
                  "block": "hydrol:birch_leaves_pile",
                  "properties": {
                    "layers": "2"
                  }
                }
              ]
            },
            {
              "function": "minecraft:set_count",
              "count": 3,
              "add": false,
              "conditions": [
                {
                  "condition": "minecraft:block_state_property",
                  "block": "hydrol:birch_leaves_pile",
                  "properties": {
                    "layers": "3"
                  }
                }
              ]
            },
            {
              "function": "minecraft:set_count",
              "count": 4,
              "add": false,
              "conditions": [
                {
                  "condition": "minecraft:block_state_property",
                  "block": "hydrol:birch_leaves_pile",
                  "properties": {
                    "layers": "4"
                  }
                }
              ]
            },
            {
              "function": "minecraft:set_count",
              "count": 5,
              "add": false,
              "conditions": [
                {
                  "condition": "minecraft:block_state_property",
                  "block": "hydrol:birch_leaves_pile",
                  "properties": {
                    "layers": "5"
                  }
                }
              ]
            },
            {
              "function": "minecraft:set_count",
              "count": 6,
              "add": false,
              "conditions": [
                {
                  "condition": "minecraft:block_state_property",
                  "block": "hydrol:birch_leaves_pile",
                  "properties": {
                    "layers": "6"
                  }
                }
              ]
            },
            {
              "function": "minecraft:set_count",
              "count": 7,
              "add": false,
              "conditions": [
                {
                  "condition": "minecraft:block_state_property",
                  "block": "hydrol:birch_leaves_pile",
                  "properties": {
                    "layers": "7"
                  }
                }
              ]
            },
            {
              "function": "minecraft:set_count",
              "count": 8,
              "add": false,
              "conditions": [
                {
                  "condition": "minecraft:block_state_property",
                  "block": "hydrol:birch_leaves_pile",
                  "properties": {
                    "layers": "8"
                  }
                }
              ]
            }
          ],
          "conditions": [
            {
              "condition": "minecraft:any_of",
              "terms": [
                {
                  "condition": "minecraft:match_tool",
                  "predicate": {
                    "items": [
                      "minecraft:shears"
                    ]
                  }
                },
                {
                  "condition": "minecraft:match_tool",
                  "predicate": {
                    "enchantments": [
                      {
                        "enchantment": "minecraft:silk_touch"
                      }
                    ]
                  }
                }
              ]
            }
          ]
        }
      ]
    }
  ]
}
